request_id,input_tokens,output_tokens,ttft_ms,e2e_ms,tpot_ms
sharegpt_wRyWxD2_18,1665,4,457.612,500.606,14.332
sharegpt_kv271Gd_40,25,795,387.892,17320.455,21.326
sharegpt_bEQJqxw_0,140,1025,387.78,22236.302,21.336
sharegpt_8sl3rDY_0,33,353,387.654,7889.664,21.313
sharegpt_EKVf2RL_0,34,667,234.912,14548.713,21.492
sharegpt_AieydaK_0,45,4,387.531,475.801,29.423
sharegpt_E3SwF8i_0,76,362,234.873,8058.886,21.673
sharegpt_Yu9nEQY_44,30,307,234.695,6874.668,21.699
sharegpt_kjeGJvK_2,976,621,234.679,13574.249,21.515
sharegpt_u7ynJaV_0,374,325,234.557,7271.269,21.718
sharegpt_Y6nhEqm_0,41,630,387.024,13786.215,21.302
sharegpt_U3KZdH9_0,64,848,386.932,18445.114,21.32
sharegpt_ksLyHFO_0,62,912,124.764,19760.002,21.553
sharegpt_EcvnZ3B_8,394,270,234.367,6080.872,21.734
sharegpt_j6HIlwY_0,42,598,234.276,13089.29,21.533
sharegpt_OlhSVrJ_0,52,58,386.611,1629.546,21.806
sharegpt_bLv7JMf_0,21,751,386.765,16355.086,21.291
sharegpt_sh6WkqO_0,65,49,386.653,1435.77,21.857
sharegpt_r3WT7hv_0,201,732,386.426,15949.6,21.29
sharegpt_7uUzx6Z_4,917,746,386.357,16250.202,21.294
sharegpt_ZivWPmv_0,748,452,74.287,9614.46,21.153
sharegpt_eIibBFp_0,26,531,73.197,11310.19,21.202
sharegpt_1bziJ0t_0,43,955,63.978,20367.329,21.282
sharegpt_GUVjQIR_0,24,345,65.562,7341.57,21.151
sharegpt_EY52KT1_0,103,638,62.873,13637.43,21.31
sharegpt_SXOonXB_16,846,557,70.96,11911.672,21.296
sharegpt_tDPXObj_0,397,379,65.722,8087.512,21.222
sharegpt_5nINNyc_0,32,564,61.92,12039.243,21.274
sharegpt_cwzsyBR_0,29,628,62.649,13418.163,21.301
sharegpt_YzlCOF5_0,25,1025,68.86,22014.947,21.432
sharegpt_M8bwizw_0,110,364,63.608,7803.615,21.322
sharegpt_fiVI7Ln_0,106,765,64.452,16447.754,21.444
sharegpt_at1lmSN_0,22,249,61.242,5333.654,21.26
sharegpt_C3ePtjr_0,15,422,62.576,9048.772,21.345
sharegpt_vl3is2s_30,193,327,64.685,6992.535,21.251
sharegpt_xYPu2UN_0,164,124,63.727,2686.836,21.326
sharegpt_FH1eRUZ_0,32,308,61.385,6617.217,21.355
sharegpt_FjQjuhg_0,83,403,63.633,8682.011,21.439
sharegpt_yycpKrx_0,19,776,61.962,16767.123,21.555
sharegpt_Tnyb9mk_26,760,1025,85.429,22177.592,21.574
sharegpt_V8KAABo_0,164,478,62.813,10317.229,21.498
sharegpt_9Qep354_34,507,725,62.711,15655.015,21.536
sharegpt_PUZlqBP_0,534,1025,62.2,22141.693,21.562
sharegpt_RhAc4fh_0,228,276,62.012,5949.424,21.409
sharegpt_ASOnp4D_0,43,373,61.311,8032.659,21.428
sharegpt_5bzpd5P_0,13,439,62.74,9492.039,21.528
sharegpt_0M8jndL_0,20,336,63.17,7250.445,21.455
sharegpt_GPKEDmZ_0,71,116,61.971,2517.98,21.357
sharegpt_IOhW1Iq_50,317,76,62.771,1658.03,21.27
sharegpt_NeBDpcw_24,168,987,65.481,21319.114,21.555
sharegpt_JrQCmm5_0,18,142,64.776,3093.129,21.478
sharegpt_gcVkCKD_0,146,462,64.943,10030.189,21.617
sharegpt_7JhALAY_0,222,475,64.42,10300.34,21.595
sharegpt_GRk1LPZ_0,70,255,63.323,5554.103,21.617
sharegpt_U3S02iq_0,14,524,64.961,11385.644,21.646
sharegpt_2wDnY0N_0,25,680,63.746,14788.473,21.686
sharegpt_qRbHQU7_12,45,644,61.402,14011.116,21.695
sharegpt_yMxOowb_132,629,986,70.144,21259.393,21.512
sharegpt_qLEszEA_208,37,247,61.493,5353.12,21.511
sharegpt_xuR7z91_26,63,120,63.419,2595.275,21.276
sharegpt_yxQxL6n_0,94,562,64.496,12219.793,21.667
sharegpt_yAwGFqP_100,515,590,65.597,12809.406,21.636
sharegpt_D0cbbeB_4,1110,931,110.077,20036.646,21.426
sharegpt_WAOAkJZ_0,44,697,61.222,15003.666,21.469
sharegpt_3qVPZGU_0,64,713,60.919,15396.672,21.539
sharegpt_wfchack_0,173,283,61.774,6163.046,21.636
sharegpt_V8rl6n5_0,56,702,60.977,15161.17,21.541
sharegpt_l6geHv4_42,17,596,62.058,12900.977,21.578
sharegpt_9afria9_8,1087,637,90.308,13723.504,21.436
sharegpt_vFtK0lQ_0,18,563,61.418,12128.951,21.472
sharegpt_ITAvflY_0,21,819,62.41,17512.172,21.332
sharegpt_xPGHSnV_0,29,428,66.096,9205.497,21.404
sharegpt_jwZ0WX1_0,647,1013,77.193,21580.947,21.249
sharegpt_kfVsCGi_0,40,606,60.662,12982.622,21.359
sharegpt_TgomyCL_0,68,638,63.98,13628.186,21.294
sharegpt_ijIr7vm_0,21,834,63.43,17673.591,21.141
sharegpt_uqppRZd_0,261,1025,62.37,21600.686,21.034
sharegpt_HELyvLS_0,36,372,60.13,7923.09,21.194
sharegpt_xoAlW8C_0,52,935,62.647,19699.195,21.024
sharegpt_vRkueLp_0,139,1025,62.82,21510.552,20.945
sharegpt_DvTeoPJ_0,31,255,62.833,5446.954,21.197
sharegpt_iuA20cs_0,36,49,61.017,1101.008,21.666
sharegpt_tfpx5io_0,32,353,61.225,7499.94,21.133
sharegpt_xQdCtMx_0,1336,1025,121.078,21459.705,20.839
sharegpt_Ws7UnN4_0,34,983,61.243,20523.933,20.838
sharegpt_lQPFX1x_0,12,1025,60.92,21396.415,20.835
sharegpt_DFMYCG8_0,532,520,75.427,10984.567,21.02
sharegpt_3JaBOCI_0,12,468,59.51,9889.335,21.049
sharegpt_62YjlwM_20,494,381,61.298,8056.674,21.04
sharegpt_DvSVEeb_0,26,406,63.134,8596.795,21.071
sharegpt_NzuWuye_0,21,201,63.461,4239.913,20.882
sharegpt_urObKlk_0,36,880,62.277,18340.766,20.795
sharegpt_GhfOOFN_98,42,515,60.932,10808.347,20.909
sharegpt_W6wCYNp_0,60,686,59.764,14313.811,20.809
sharegpt_r5r0E6g_0,13,663,61.738,13838.753,20.811
sharegpt_JlBAuMI_0,21,816,60.942,16989.198,20.771
sharegpt_hk6Ph3s_0,68,349,64.013,7342.978,20.917
sharegpt_afqhKGj_0,123,341,65.006,7176.376,20.916
sharegpt_KR4HUoi_0,20,692,64.198,14396.206,20.741
sharegpt_9bdW6Qy_0,18,233,60.341,4891.303,20.823
